<?xml version="1.0" encoding="UTF-8" ?>
<!DOCTYPE mapper
        PUBLIC "-//mybatis.org//DTD Mapper 3.0//EN"
        "https://mybatis.org/dtd/mybatis-3-mapper.dtd">
<mapper namespace="com.ohgiraffers.jwtsecurity.user.mapper.UserMapper">
    <resultMap id="login" type="com.ohgiraffers.jwtsecurity.user.dto.LoginUserDTO">
        <id property="userCode" column="USER_CODE"/>
        <result property="userId" column="USER_ID"/>
        <result property="userPass" column="PASSWORD"/>
        <result property="userName" column="USER_NAME"/>
        <result property="userRole" column="USER_ROLE"/>
    </resultMap>
    <insert id="regist" parameterType="com.ohgiraffers.jwtsecurity.user.dto.LoginUserDTO">
        INSERT INTO TBL_USER
        (
            USER_ID
           ,USER_NAME
           ,PASSWORD
           ,USER_ROLE
        )
        VALUES
        (
            #{userId}
           ,#{userName}
           ,#{userPass}
           ,#{userRole}
        )
    </insert>
    <select id="findByUsername" resultMap="login">
        SELECT
               USER_NO
             , USER_ID
             , USER_NAME
             , PASSWORD
             , USER_ROLE
         FROM TBL_USER
        WHERE USER_ID = #{userId}
    </select>
</mapper>