<?xml version="1.0" encoding="UTF-8" ?>
<!DOCTYPE mapper
        PUBLIC "-//mybatis.org//DTD Mapper 3.0//EN"
        "https://mybatis.org/dtd/mybatis-3-mapper.dtd">
<mapper namespace="com.beanions.common.dao.user.UserMapper">
    <resultMap id="memberInfo" type="com.beanions.common.dto.MembersDTO">
        <id property="memberCode" column="MEMBER_CODE"/>
        <result property="memberId" column="MEMBER_ID"/>
        <result property="memberPw" column="MEMBER_PW"/>
        <result property="nickname" column="NICKNAME"/>
        <result property="email" column="EMAIL"/>
        <result property="phone" column="PHONE"/>
        <result property="gender" column="GENDER"/>
        <result property="marriedStatus" column="MARRIED_STATUS"/>
        <result property="memberRole" column="MEMBER_ROLE"/>
        <result property="weddingVerified" column="WEDD_VEF"/>
        <result property="signupDate" column="SIGNUP_DATE"/>
    </resultMap>

</mapper>
